인덱스,상품명,가격,이미지
0,[고른] 한돈 목살 소금구이 (2인분),"12,900원",https://image.wingeat.com/item/images/3af2e5b4-cd0f-4f2f-ba29-dd1c27014a28-w600.jpg
1,"[고른] 춘천 닭갈비 (2인분, 700g)","10,900원",https://image.wingeat.com/item/main/c55a6f59a4be44d882257f12857cfc18-w600.jpg
2,[페이보잇] 골라먹는 꼬치 7종,"3,900원",https://image.wingeat.com/item/main/2abb5fc8ea114af19019900bcba333ff-w600.jpg
3,[페이보잇] 수제 양꼬치 (10개/ 쯔란 포함),"10,800원",https://image.wingeat.com/item/main/aeed01004e3942da8d0582067ca08624-w600.jpg
4,"한일관 꿀불고기 (500g, 2인분)","12,700원",https://image.wingeat.com/item/images/fa0af7b4-6f34-44cc-868d-2b891e0e5dd6-w600.jpg
5,홍대쭈꾸미 쭈꾸미볶음 2종 (쭈꾸미/쭈새),"6,950원",https://image.wingeat.com/item/main/256e581822284e42b7de9cc47065e7b8-w600-v2.jpg
6,홍대오징어 국내산 오징어볶음 (300g),"7,700원",https://image.wingeat.com/item/main/c93ddafdb82744d1918ff8418098fb89-w600-v2.jpg
7,홍대오징어 갑오징어볶음 (300g),"8,410원",https://image.wingeat.com/item/main/219889ff2a0d460fad95b0abce6b5324-w600-v2.jpg
8,홍대낙지 매콤 탱글 낙지볶음 (300g),"6,660원",https://image.wingeat.com/item/main/c7fdbeff02d74c51b92f511934097c84-w600-v2.jpg
9,"[고른] 치즈김치 닭갈비 (2인분, 745g)","10,900원",https://image.wingeat.com/item/main/58efad1ee73a426a8f05bba740da33b1-w600.jpg
10,[고른] 한돈 통목살 김치찜 (2인분),"12,900원",https://image.wingeat.com/item/main/24ee9026e9844556be67b699b17d7b00-w600.jpg
11,[고른] 한돈 목살 양념구이 (2인분),"12,900원",https://image.wingeat.com/item/main/0dc3ac4f65a4496f924b91610a6d9041-w600.jpg
12,"부산양곱창 모둠(소금/양념, 300g)","16,400원",https://image.wingeat.com/item/main/ae3db82ff35c428cb9713add0dc1b93e-w600.jpg
13,"오늘고기 고추장 삼겹살 (2인분, 500g)","11,500원",https://image.wingeat.com/item/main/140fb69ddc5f47d8a436f90e1f70bb20-w600-v2.jpg
14,맛있는 테이블 한돈 토마호크 스테이크 (350g),"11,900원",https://image.wingeat.com/item/main/62fe55470fea4319a58f7af443fa3818-w600-v2.jpg
15,오늘고기 멍석말이 칼집 돼지왕구이 (750g),"8,900원",https://image.wingeat.com/item/main/fe472621df5341479c293bac0573e69a-w600-v2.jpg
16,선진 말발굽 모둠 소시지 (405g),"5,900원",https://image.wingeat.com/item/main/6767eebe631644ecad4180afa5f6d124-w600.jpg
17,맛있는 테이블 한돈 돈대갈비 스테이크 (704g),"16,500원",https://image.wingeat.com/item/main/7d2d1c6c6f3544a786d7aff1debfed2f-w600-v2.jpg
18,"[고른] 부산 명물 조방낙지 낙곱새 (740g, 한우대창)","15,900원",https://image.wingeat.com/item/main/b0a6f2a753e94e74b555fbc343ec357b-w600-v2.jpg
19,"[고른] 프리미엄 양념 LA갈비 (750g, 1.5kg)","24,900원",https://image.wingeat.com/item/main/1e362074da8f4a7d84dc16eb86ec61fe-w600.jpg
20,[고른] 매운 돼지갈비찜 (500g),"11,900원",https://image.wingeat.com/item/main/76bbbcbf02b84f6e896720b32db51162-w600-v2.jpg
21,"[고른] 매콤 낙지볶음 (2인분, 500g)","12,900원",https://image.wingeat.com/item/images/6b49d683-92d0-4259-9ee7-0beebd4c9100-w600.jpg
22,[고른] 수제 돼지갈비찜 (500g),"11,900원",https://image.wingeat.com/item/main/8c382b0043154b7d90c69878b4f97751-w600-v2.jpg
23,"[고른] 숙성 쪽갈비 (오리지널/숯불바베큐, 2인분)","16,400원",https://image.wingeat.com/item/images/ea2c91b3-c431-4864-b29d-fa3902824b8b-w600.jpg
